Track Name,Artist,Contributed By,Spotify ID
I Really Want to Stay at Your House,"Rosa Walton, Hallie Coggins",Miller,7mykoq6R3BArsSpNDjFQTm
Thought You Should Know,Sip Sip Bubbleheads,Miller,7sW9KMwIz1t2CbTvHsnPmQ
"Requiem, K. 626: IIIf. Lacrimosa","Wolfgang Amadeus Mozart, The Monteverdi Choir, English Baroque Soloists, John Eliot Gardiner",Shelbie,4ATc4is1rQb7PgKqtOdDnR
Selfhug Biglove,Yuinishio,Shelbie,644uk2f8dAJCvxly8s20St
"Erlkönig, D. 328","Franz Schubert, Bryn Terfel, Malcolm Martineau",Puffy,4oomOHx8NgPq2flBcGxtxD
Grave Digger,Blues Saraceno,Puffy,4NFzce1mEWP01qTtHhsmgo
Something Comforting,Porter Robinson,TJ,5g7bsxCqNaucnXpexUoHg8
Love You Back,Madeon,TJ,5wM6LOw2U6XeIFHfsgI6wU
Impulse,An Endless Sporadic,Angel,2pA1EyG0yjSbSoYJM4O16I
La Camisa Negra,Juanes,Angel,2EM9zpAc7PVeoAydmbfVIL
Sick On Seventh Street,Sarah and the Safe Word,Gabe,3vO0kLVEB9zatBcVdSRkPh
The Thief and the Moon,Shawn James,Gabe,6vRiJnUvfc4ZdpEkedxfVv
D City Rock feat. Debra Zeer,"TeddyLoid, Debra Zeer",Sarah,30kpqo2lUMRZcn9CwRXNPR
Save It For Later,The English Beat,Clark,5rBOBI3INEw0u0rwNNGib5
(Nothing But) Flowers - 2005 Remaster,Talking Heads,Clark,4oEKgLZ8uTSioNKuO8Kydu
trucking,Linus,Tony,5pWtiWdLBudSiHpeXpjSod
I Don't Love You Anymore,Bomb the Music Industry!,Tony,5jEerj0iPqRiud1nIouUoX
keys make noise,Ezekiel,Jean,3XNVBgEgIxoipF0XL1BDwF
t r a n s p a r e n t s o u l feat. Travis Barker,"WILLOW, Travis Barker",Jean,1QL7nSDZCwZMnbisV4KOXt
I Must Apologise,PinkPantheress,Micah,2rrq3SGYxk90xLx5fMmPhZ
"Sticky (feat. GloRilla, Sexyy Red & Lil Wayne)","Tyler, The Creator, GloRilla, Sexyy Red, Lil Wayne",Micah,3tFed7YsjGnIfxeLEQwx3R
Walkin,Denzel Curry,Bryce,1q8DwZtQen5fvyB7cKbShC
Bad Luck Charm,Jeff Williams,Bryce,40UOHg5vI8H5oGuN9uQdGl
I Am The Man Thomas,The Devil Makes Three,Miller,2a3JYsfxG551Cwv1zWZChp
Sam,Sturgill Simpson,Miller,1kKDVYavcoEH5N6R6ezM6T
All Falls Down,"Kanye West, Syleena Johnson",Micah,5SkRLpaGtvYPhw02vZhQQ9
November Has Come,"Gorillaz, MF DOOM",Micah,6lrDckuosGpwEHtm1hHBcf
Dance Five,Arkady Shilkloper,Shelbie,2Z7kg1i8RSfLUvZwqT62s3
I Can't Leave My Room,"Nalba, Chevy, Park Bird",Shelbie,2lF93k8iNxCTIKh0Zhey8j
Le cambie el nombre,Pan de Dulce,Angel,74yBYbqF8TLaEnLF5T5kdn
Pleasantries (With Your Lover),Mustard Service,Angel,1BnQsuVAqdQSorYqCNwTvs
Norf Norf,Vince Staples,Theresa,4uQ7wYsuL0DryknoDc11Hk
The Recipe - Bonus Track,"Kendrick Lamar, Dr. Dre",Theresa,1eRBW1HcyM1zPlxO26cScZ
Fly Me to the Earth,Wallace Collection,Clark,3drKEw3spxFHMC3Geh4ZIi
Guajira Sicodelica,Los Destellos,Clark,4x4GKtgrjYx3oBb7rRKJ6U
Snake Eater,Cynthia Harrell,Puffy,2e3g8go386Zn6EyIz60Ci9
Sailor Song,Gigi Perez,Sarah,2262bWmqomIaJXwCRHr13j
Star Trails,Derivakat,Sarah,1Z1lrO5QBASaZqEOzUs12b
It's Okay...,what is your name?,Tony,2mHmttqCxUtYEOJO10czhf
Chant This Charm ～Theme Of Giant Egg～,"SEGA SOUND TEAM, Mariko Nanba, YUKARI FRESH",Tony,5DGfDHCZlYx6D4tr5x6PeX
YKWIM?,Yot Club,Puffy,2vWBUC9djv6BtiGlmKiQaH
Mia & Sebastian’s Theme,Justin Hurwitz,TJ,1Vk4yRsz0iBzDiZEoFMQyv
erase me (feat. Jacob Collier),"Lizzy McAlpine, Jacob Collier",TJ,57Z4ecZTqs7ig9nWY7xoou
No Fear No More (Remix),"Madeon, EARTHGANG",Jean,36X1P3v7N1dv06bh2aPtMF
Die Hard,"Kendrick Lamar, Blxst, Amanda Reifer",Jean,2g6tReTlM2Akp41g0HaeXN
anemoia,Oliver Buckland,Theresa,7t1YmdBxp90g4OHNMOUcdI
Rain in Space,Ear Candy Jazz Factory,Angel,4cqHikdb2TaehHTSBfc08p
Doesn't Make You Right,Dirty Heads,Gabe,7y2RoHNhrToMvCOXQpkS8C
Toothache,Westislonely,Gabe,0AyKfB8CNXhohSuOfenvpO
DENIAL IS A RIVER,Doechii,Micah,1eTaznNW4Xxtx9za2SMTXB
You Can Say Hi,Soia,Micah,0BkulSzcAkMF1VQeLBFrte
Greatdayndamornin'/Booty (Medley),D'Angelo,Shelbie,3yFTG9CQTdlDwsAfha6CqM
Djobi Djoba,Gipsy Kings,Shelbie,38MBgJc4k6LXvzvlD2tnEx
INVISIBLE,Duran Duran,Miller,51EpFns3CG9taCMQz6XDom
Elsa’s Song,The Amazing Devil,Miller,5jZnnHPY4HqDAMkqi9WMSM
Ricochet - 2018 Remaster,David Bowie,Puffy,04pkbLDMnaQdx4kV9bbuV4
Shadow Man,"Noname, Smino, Phoelix, Saba",TJ,0EN4QjJqiAufEh6g4xPNvC
Amphetamine,Smino,TJ,3Zau3JcrZcBfw8aVjKGkSX
中庭の少女たち,SHISHAMO,Angel,1YrU8ExqF04ygegVoOOoFU
Oh My God,Adele,Hannah,3Kkjo3cT83cw09VJyrLNwX
SUN GOES DOWN,Lil Nas X,Hannah,5KwtjazkcM6dYT5cuPB0FN
Here Come the Rome Plows,Drive Like Jehu,Tony,2VaZ98xvuFoOwlzqAedqUZ
64,Guitar Fight from Fooly Cooly,Tony,4PXbgo0YMetIQxqBDpbGgx
Bourbon Street,Jeff Tuohy,Gabe,09rAqsUGWjqNEHna4aXBrk
Eat My Words,PrettyUgly,Gabe,1Lp7vOBdE1qXhhY11OG4qh
reincarnated,Kendrick Lamar,Bryce,0RgjEkSbeuStKfT2Pa4Zai
Dragonball Durag,Thundercat,Bryce,7eWGnKg4B44sbBPpQp4y2c
Origami,The Rare Occasions,Jean,3qpyxgH65qNhJ9hLS2gWrS
Remember Me (from the series Arcane League of Legends),"Arcane, d4vd",Jean,2fQwoYSzWzChmIB2zZwrGL
BLOODBATH,"6arelyhuman, asteria",Sarah,30IcVPNfNfWeEqbSzQhMi6
Ma Meilleure Ennemie (from the series Arcane League of Legends),"Arcane, Stromae, Pomme",Sarah,2LwsunYgfRoqyIsNtgOCQx
WINDY SUMMER,Anri,Eunice,7fgmo2cHGzWLexkRhBeECj
Where You Go,Meldrop,Angel,4ZPkW8kj32cbdSEmzo6vTY
track 02,Flight by Nothing,Angel,1RDOW4HrSrLgOB4SqSCfup
Picture Window,Japanese Breakfast,Tony,02olsPYJypEE0IyuaGS4K4
Stay Golden,Combat,Tony,3LDShVeLxQkQldsomd0n2k
Love the Subhuman Self,"AISHA, Jamison Boaz, Arc System Works",Bryce,7gESuiigF7GFFYIApfUBk5
Anything For You,Ludo,Miller,6o5sSlAsvLcPdrK7HFxXp3
Voldemort,With Confidence,Miller,27oxSfW0iib7w0NG4zf9Fp
Blu,Jon Bellion,TJ,4FUDWkguOUVpLRAVn5C20z
WASH,Jon Bellion,TJ,6KPtG0aIKnSqszstXgH2NS
Your Teeth In My Neck,Kali Uchis,Micah,54IbnYEdA3ymfxv07WgN3b
Chicago,Michael Jackson,Micah,5BKKy9fIJL5uM9fz1SnqyP
リズと青い鳥 第三楽章「愛ゆえの決断」,北宇治高校吹奏楽部,Shelbie,04XhdVM3q2qPusWPEmg95c
Long Time Sunshine,Weezer,Shelbie,2pY4j2aJ5nyw0IjhgpeAEW
Just like Heaven,The Cure,Sarah,76GlO5H5RT6g7y0gev86Nk
Stacy's Mom,Fountains Of Wayne,Sarah,27L8sESb3KR79asDUBu8nW
"무제(無題) (Untitled, 2014)",G-DRAGON,Kathryn,16BS342F89MDqouSxgLaUK
Run BTS,BTS,Kathryn,69xohKu8C1fsflYAiSNbwM
Just Right,GOT7,Kathryn,16dL6zhP5MLxEwX8sbqCOa
VERY NICE,SEVENTEEN,Kathryn,1Rrj7KyS2R6SP9CQMDJW1w
Daechwita,Agust D,Kathryn,0JKGe340YJwfDrpXqPQ8sw
moonchild,RM,Kathryn,6BnciRM9jyEP9cEjvoN5eI
She's In The Rain,The Rose,Kathryn,43NeZM2TbrQr6djoAnDyVo
Welcome To Jamrock,Damian Marley,Gabe,4PvVHAkONOaS6v4wgONGYZ
The Moss,Cosmo Sheldrake,Gabe,4NaGY243CJk0aNbxvgLBQJ
fine (haste),kurffew,Jean,1wMignpvHaJvwDPlqWKXkG
Chest Pain (I Love),Malcolm Todd,Jean,2XUx8PCXGpP1XhZJMGiUol
Alarm Call,The Correspondents,Puffy,3uMGygzTNCOwnSPLnqydBM
No Church In The Wild,"JAY-Z, Kanye West, Frank Ocean, The-Dream",Puffy,7r6PigmGzlB3YPB7wvBBbi
Changes - 2015 Remaster,David Bowie,Puffy,0LrwgdLsFaWh9VXIjBRe8t
Outshined - Remastered 2016,Soundgarden,Sam,4VwPsMcRt1HPVKIdcwY9Uj
Where am I,Ichika Nito,Sam,6rvfF5VtVI4ZEdORSori7l
The Parting Glass,"The Longest Johns, Natalie Holmes",Sam,1XSXQVGXFYmMeiFOD16GJv
Hard Times Come Again No More,The Longest Johns,Sam,3Riq4RZQVNR4nNmik5WbnA
Ain't Misbehavin',Fats Waller,Sam,3BFRqZFLSrqtQr6cjHbAxU
Everybody's Talkin',"Crosby, Stills & Nash",Sam,2moQAQK2TFktQZY0aDmFC9
Jazz Hands,"Aesop Rock, Blockhead",Sam,6pgNNxR18ouQZlaSIPKFGz
E. S. P.,Masayoshi Takanaka,Eunice,4ZNYJOxZ1Sy31bONMhaxJo
I Just Threw Out The Love Of My Dreams,Weezer,Eunice,35SRuRfp5BvD1yArmXKNHO
"Jongno Calling (feat. 이현송, Horan, Jung Woo, 이이언, CRYING NUT, Galaxy Express, Bosudongcooler, 데디오레디오, Romantic Punch, ROCK N ROLL RADIO, Lazybone & YEOJEONG)","Captainrock, 이현송, Horan, Jung Woo, eAeon, CRYING NUT, Galaxy Express, Bosudongcooler, 데디오레디오, Romantic Punch, Rock N Roll Radio, Lazybone, YEOJEONG",Eunice,6JGaDHIagC4sxqizFlluyW
Oh Fudge,"Aesop Rock, Blockhead",Sam,0TbUn96jyJnHYdDK61TuF2
Mah Na Mah Na,Mahna Mahna and The Two Snowths,Kathryn,4rVrHxLGV2iSN4nJtI9hKh
Harpy Hare,Yaelokre,Kathryn,35I2E525yJpUQ5ZJgfxizT
Everytime We Touch - Nightcore & KYANU Edit,"Cascada, KYANU",Kathryn,40aG6sP7TMy3x1J1zGW8su
The Devil Went Down to Georgia,The Charlie Daniels Band,Miller,383Xl5QTigwj3QiA3Qc6S7
Stupid for You,Waterparks,Miller,1N7Aep1OewK9diaN9WbuuR
後悔,Satoko Shibata,Shelbie,6Qm1avnZnDVZkDsvKVbcls
Afrique,Count Basie,Shelbie,1zAMAi5rFHfdBJmLA1tLdE
A Horny Money World ～伝説の夜～,宝鐘マリン,Micah,6LEtKyIFzzigjaD142Nibx
WINNER！ゴジュウジャー！,Wienners,Micah,1XMNGyamTbJj6Bv3FQBt3I
Graceland Too,Phoebe Bridgers,TJ,1WCjhRs2WBgyeGaybCX2Po
Spring Into Summer,Lizzy McAlpine,TJ,6oCXDaFZYL7sHnowv6pdXb
Primadonna,MARINA,Sarah,4sOX1nhpKwFWPvoMMExi3q
Pretty Little Baby,Connie Francis,Sarah,5GQPBzoRBDxcAjwSSluQXD
Oh Susan,Mark Whalen,Angel,3nf9In5KCH6RdorA6J1C8F
5:15 The Angels Have Gone,David Bowie,Puffy,0zYQ0ww5UuoC63uwG10Vlx
Noid,"Tyler, The Creator",Puffy,1YdtGoSYDvVQKoUqSDXX41
Can't Stop,Red Hot Chili Peppers,Miller,3ZOEytgrvLwQaqXreDs2Jx
undressed,sombr,Miller,4AajxCEwGEsmHmT4H1TwjY
Do Me Like That,The Paradox,Jean,1y6lq1wrAspWEgRJmYb11S
The Unknowing,Jfarrari,Jean,4SsTGcFqch8KEvS3Ag4QKp
Bubble Pop Electric,"Gwen Stefani, Johnny Vulture",Jean,4A2vjMnkAWgPVqwl3Xc7pu
SPIT IN MY FACE!,ThxSoMch,Jean,1N8TTK1Uoy7UvQNUazfUt5
idfc,blackbear,Kathryn,6y6jbcPG4Yn3Du4moXaenr
Rewrite The Stars,"Zac Efron, Zendaya",Kathryn,630sXRhIcfwr2e4RdNtjKN
Last Star,James Ivy,TJ,4i5McfiyWkcmVhV8A9oTbv
Is There Really No Happiness?,Porter Robinson,TJ,3eE6IderHf7lnqOorqiNVK
I Shot The Sheriff,Bob Marley & The Wailers,Shelbie,60e5PcqGmlVFQ0HHgUagCJ
Uncle Sam Goddamn,Brother Ali,Shelbie,06tMxo0sySSq4SkIS3xUsc
Emphasis,Stelvio Cipriani,Angel,01AZNeB0xebSftRphNrXBy
El amor de tu vida tiene derecho a encontrar el amor de su vida,Novio,Angel,7tKm7yhzMzpwcRjjvpolaA
Aishite Aishite Aishite,Ado,Gabe,4gpvY7b9wHA9G1ZsMDu15b
Save My Soul,Big Bad Voodoo Daddy,Gabe,2euSu0KhXQg055y2FO45LG
Unsweetened Lemonade,Amélie Farren,Gabe,0hjTOj4u1cLwPov4fqevnw
YELLOW,Yoh kamiyama,Puffy,6oLejuhWNQf76ydBbtLrT9
overwhelmed,Royal & the Serpent,Gabe,5jjZikDrEd0by1o7V3fO4y
Dust,Parquet Courts,Puffy,0bZDQlvx2oS1NiUZZ1aXGu
Smooth Operator - Single Version,Sade,Bryce,1Hv1VTm8zeOeybub15mA2R
Guide My Way (Red Like Roses - Part III),"Casey Lee Williams, Martin Gonzalez",Bryce,2Wn3g3HprkABFfUBONYVyo
twilight,Liquid Stella,Angel,27z5MHpFUp1QckuRyGQfsh
Ride the Fire!,"Daisuke Ishiwatari, Naoki Hashimoto",Bryce,5LOsGqxUaKDwgImAKp2oha
Harness Your Hopes - B-side,Pavement,Sarah,4vsoWZcvtvSsE0OiVvDDvX
Your Love Is My Drug,Kesha,Sarah,6vc2Jq2vaGu8z326kSrw92
The Name of Heaven,"NAOKI, Arc System Works",Bryce,7rNaFhd3uNKB3UDPxrLDEI
This Is America,Childish Gambino,Bryce,0b9oOr2ZgvyQu88wzixux9
We Don't Care,Kanye West,Bryce,0IW0qaeyxL5Et4UG2MrJKB
Poison,Bell Biv DeVoe,Micah,6m59VvDUi0UQsB2eZ9wVbH
Melodies From Heaven,Kirk Franklin & The Family,Micah,2KxluFxumfo23bZqZzGToW
Twilight,Electric Light Orchestra,Clark,03ZVEpSeeJfROJW65OHgsf
The Whole of the Moon - 2004 Remaster,The Waterboys,Clark,1LzFh1VZ0FLeUesOFEuhyl
One Thing Left to Try,MGMT,Clark,52pWggDlN5mVeX111i06PP
Numb,The Airborne Toxic Event,Clark,05YjOA73Fd1qI7we1aQPYW
Raised By Wolves,Voxtrot,Clark,6B1lEzgRg652g56nz5TEik
Impressively Average,Brigitte Calls Me Baby,Clark,1sL6n9kMtrlAvPokQKlZGP
Unspeakable Things,Kiwi jr.,Clark,26ntTyXWuJDow30dEsFTz3
Ridin' In My Car,NRBQ,Clark,6DDUPXlsye5uUvFTgm4Jn1
Wish You Were Here,Pink Floyd,Sam,6mFkJmJqdDVQ1REhVfGgd1
Long Legged Larry,Aesop Rock,Sam,0OX9lzZxKlbtn3c2d97uqz
Mercury,Steve Lacy,Theresa,6uVZddXkgQIArp8myEHs4x
Do It Again,Steely Dan,Theresa,2LXISHBkx8FyoxCBkckh19
Volcano,The Presidents Of The United States Of America,Sam,09JxX9P3dqSl0I3lDGrTie
Just What I Needed,The Cars,Sam,4alHo6RGd0D3OUbTPExTHN
Don't Think Twice,Hikaru Utada,Micah,3api9OUOuIpNec9HIfHpcN
One On One. (feat. Headband Henny) - Remix,"Micah Dailey-White, Headband Henny",Micah,3tK8OFi7R6lQBC00KClbZm
Who's Sorry Now,Connie Francis,Kathryn,4bzvhZFlV9UqQ3EmV2i8s4
Nearly Beloved,The Wallflowers,Miller,5SLioHAGWMPXGfSJB8t8u5
Rock To My Roll,Anarbor,Miller,03usyN6eZAubHvEGb62oId
"It's Been a Long, Long Time",Harry James,Kathryn,4rfh0qEv1HdKRXWiRXfzWF
FINGER,Mother Mother,Hannah,0NPkaQcG0lTv1KBtlgpMFy
Drinka Little Poison (4 U Die),"The Soul Rebels, John Mooney",Shelbie,7acANHrTtsfKNQIwK12LUX
Nausea,Jeff Rosenstock,Shelbie,0wn7AelIhpkAaO5lU1CEZ9
Give and Take,Poor Man's Poison,Gabe,4pZos1A9cAsvHx5kj1O38W
Na Na Na (Na Na Na Na Na Na Na Na Na),My Chemical Romance,Gabe,5BB0Jzw60KyfSTyjJqtely
How It’s Done,"HUNTR/X, EJAE, AUDREY NUNA, REI AMI, KPop Demon Hunters Cast",Theresa,3RXUgPNIbUgFxsDWuBQEt6
4X4,Travis Scott,Theresa,6s8WSX1MxNThrot8ThI6fG
untitled 08 | 09.06.2014.,Kendrick Lamar,Theresa,5bBUDJUfGcG7eFy3Bf4fXv
I Love You Like An Alcoholic,The Taxpayers,Puffy,7u63zva845rv8tRFi9FG8a
Cat's in the Cradle,Harry Chapin,Puffy,2obblQ6tcePeOEVJV6nEGD
Probably Up,Lawrence,TJ,13HalBseZHAT19C6jWs1Ma
Fall Into Place,Couch,TJ,1KM8IlK6OutsP0dBVFgtP2
Shine On You Crazy Diamond (Pts. 1-5),Pink Floyd,Sam,6pnwfWyaWjQiHCKTiZLItr
Save Me the Time,Cannibal Kids,Angel,6PrpOFLpGFv9vaGvx8FUNk
Sister Golden Hair,America,Angel,5VSAonaAPhhGn0G7hMYwWK
Stained Glass,Danny Schmidt,Sam,4I4QfuZah9m8YMBfCXtodi
Mental [Feat. Saul Williams & Bridget Perez],"Denzel Curry, Saul Williams, Bridget Perez",Bryce,3rMQe2is2UAxuhtFjRyYyz
endlessly,Chanpan,Jean,0xsACxtkQkj3tCkmg0ZPUX
lost + found,Ezekiel,Jean,1JV5pArfVvNfkrc9JUtFLE
Where the Heart Is,Sweet Pill,Jean,2J6vC0xW1gEaP1aEeL4Lrx
Perfect Pillow,Chon,Jean,2XTqQonzaaVAhwaRw7mzKg
First Rate Town,Good Kid,Jean,1P59E9uaeejHQ5xu0EG4p6
Shinunoga E-Wa,Fujii Kaze,TJ,0o9zmvc5f3EFApU52PPIyW
ひまわりの約束,Motohiro Hata,TJ,45jGOHwYKgsRYbAJ8DR61d
You Don't Know The Shape I'm In,MJ Lenderman,Tony,1ZBQPkEYHOv3LfgU6v0h0S
Sometimes,Mannequin Pussy,Tony,2hVbai5ZN5yykTbSteAPKy
American,Frog,Tony,0h37X7J1ilI7wFYLCRgOTD
Domestic Thought Experiment,Shagg Carpet,Tony,30CxbEouGpnF9aDAcIbnO3
Cents Cents Money Money,Blowout,Tony,7fTSouGcePc6eJo0I381Hu
Big Sea,Crash Of Rhinos,Tony,5UFzXWYvju4bkxixKI1xxJ
It's Time,Truth Club,Tony,5geQYZg1Lf3Le3iFfqqfQU
Olive Garden,PUP,Tony,69zDL7sUAbceYWtOlb3ek7
Friends,Jesse Welles,Miller,5sofFSrkePZcVFmtvNyOBl
The Poor,Jesse Welles,Miller,5ylbNyulzqOL2kqtAxMjlz
Zzz (Acappella Version),佐咲紗花,Shelbie,3nnoOmCi4pmepk4paaEIo4
I'll Fall,"bo en, Coris",Shelbie,0tOyrixMQ17NUznPIxYtVD
Everything You Do,The Happy Fits,Clark,26lhSA6OWdK5MYM31gklqj
Ojos de Girasol,Darviin,Angel,3TIbBfQEDiM3nZiyIf4wFy
Slow Jamz,"Twista, Kanye West, Jamie Foxx",Micah,3A4cpTBPaIQdtPFb5JxtaX
777,"Bruno Mars, Anderson .Paak, Silk Sonic",Micah,2K6vUau7bnZUamjbRSOOvJ
"How much I Love you,baby",Satellite Lovers,Angel,2DPg74vcxFDe9dOzioTYMA
Fame is a Gun,Addison Rae,Theresa,7B3BwNecBhKvNwSMOOl7Gk
Little Lies,Fleetwood Mac,Theresa,08o75xMKmGrKny6GsXrNJW
Sh-Boom,The Chords,Sam,2drXvACELcvwryaFRiRPdA
Orange Colored Sky - As Heard on “Fallout” (Series),Nat King Cole,Sam,6fUDNcmsnnUVyOtEnA9xdC
Stupid (Can’t run from the urge),underscores,Jean,51vRYl0OqozBFkhBzAPzKI
Love Kills,"Levinsky, Sandra Bullet",Shelbie,5rJxh1aDc7APBuNtyrhmSv
FATHER FIGURE,Jon Bellion,TJ,2GEoDwjcRfDxHOiLbi7CWS
Retrograde,James Blake,TJ,2IqjKEBiz0CdLKdkXhxw84
Where's Your Head At,Basement Jaxx,Shelbie,3cJh89D0za2SW705fNBo3b
Sway,Michael Bublé,Kathryn,2ajUl8lBLAXOXNpG4NEPMz
Stigma,BTS,Kathryn,3LTwMQ9kkn5VVhP3jipBlR
Dearly Beloved - Unchained χ Version-,Yoko Shimomura,Kathryn,383hvtumCvxKwCddwT9Po5
Mickey Mouse March,Jimmie Dodd,Kathryn,11RJj3WJ8ajZwuw0KuMpfV
Catch Me If You Can,SEGA SOUND TEAM,Micah,4gyep5Oh5XqhBC8dCaPRKS
Ring Ring Ring,"Tyler, The Creator",Micah,1lTqq0aC6r2bXLviQ3oaVt
ETERNAL LOOP (clear),SABER TIGER,Angel,10GgqzqOVFXXQcBZ0UNrOV
Sunburn,Fuel,Sam,35EXxM1zE4eg2G6f3PSle4
House Tour,Sabrina Carpenter,Sarah,25jgQBxuUkGDdCG1WGKKN9
Divine,"MONJOE, ☆Taku Takahashi, SWEEP, JUVENILE, New PANTY & STOCKING with GARTERBELT",Sarah,2yCiAcwmjCoB3UtZrMdzbu
Andrew in Drag,The Magnetic Fields,Sarah,5ehMCdeOhsgsx25M6wAEzu
Boyfriend,Big Time Rush,Sarah,1rKBOL9kJfX1Y4C3QaOvRH
Golden,"HUNTR/X, EJAE, AUDREY NUNA, REI AMI, KPop Demon Hunters Cast",Sarah,1CPZ5BxNNd0n0nF4Orb9JS
Pop It,"Anamanaguchi, meesh",Miller,7Bcoyj1W0f2j1FskIcYaOV
Too Sweet,Hozier,Miller,76JKIsdKrAfWUMjaA0u7v5
I know but,Sagong,Eunice,6ZgO32yB5gf42VSEaxaoTO
Vices,Sarah and the Sundays,Eunice,5rICq1ntzHJHRrGHtydPfr
southbound,Artemas,Jean,4jiwz2tQZo21Z4NQwz4zUt
PRETTY PLEASE,"Dutch Melrose, benny mayne",Jean,6kOdk29M8h6ZfHz4byVG0t
Til I Am Myself Again - 2012 Remaster,Blue Rodeo,Clark,5eHPODjuuKkrJXwhhaMaQa
Forgiving Ties,Deer Tick,Clark,0XcqVw2XsH6Mdbl5FLMwJk
Plant Life,Owl City,TJ,3Uq06PHpVt4T9KYceuPYZn
Up All Night,Owl City,TJ,44hRtTWULYEMCetZqyUniO
Devil Like You,The Bridge City Sinners,Gabe,6GsLqBcfvyst18CeWPTgHx
Dirty Imbecile,The Happy Fits,Gabe,7evpKJpRBRpCHux5JaczZX
Wires,The Neighbourhood,Gabe,5v8aEcHcaJIGYpfVVPtJjI
Courage to Grow,Rebelution,Gabe,33Ib9wPVhh2MWHhmS7Yne9
You Dont Love Me,Caro Emerald,Gabe,7J4JMsAqdJIipDPTGsAjXN
Northern Star,Dom Fera,Gabe,5B0iPguskBzONMtfVspNFF
Best Friend,Satellite Lovers,Eunice,2Yn2a8sgxEJqYTupKGySeM
MELODY,"FreeTEMPO, Cana (I-dep)",Eunice,4uQHrYBkFj9HB9kbQC55TD
War Pigs,Black Sabbath,Sam,0HVQuuXGAcQ2P5mBN521ae
Suite: Judy Blue Eyes - 2005 Remaster,"Crosby, Stills & Nash",Sam,2PuUFT13yCzUOZun94WOXv
Lithonia,Childish Gambino,Sam,4JfpJrrGNXRj2yXm1fYV23
Rosas,Fabiancito,Angel,5eI5VWGkYcSVhMoLsQqnTu
Unlock the Future,cleaned,Angel,6msUoeZNMNjk0bnHlzlo7T
Beers with my name on them,Asher White,Tony,46ik88q0awURfYD4NAuuKM
for Charles Bronson,the cabs,Tony,7aXIWCL24qEYxXoVeyDtgw
Daft Punk Is Playing at My House,LCD Soundsystem,Tony,73mlvsfJM2qwlDUJxeaatI
Dance Wid' Me,Hepcat,Tony,6hBiP3KP0JsYhxUSM7XKfy
I Don't Know - Radio Mix,Erika,Sarah,5t1QXsY6FNn42RGHiETiKD
"Tokyo Drift (Fast & Furious) - From ""The Fast And The Furious: Tokyo Drift"" Soundtrack",Teriyaki Boyz,Micah,5iJfzXKvQXlYOBtEQhEmpA
LOVE. FEAT. ZACARI.,"Kendrick Lamar, Zacari",Micah,6PGoSes0D9eUDeeAafB2As
Grim Reaper,Public Theatre,Puffy,4RUDNRnv25LuMjXFJ6Q7tP
Rock Star Skinny,The Real Zebos,Puffy,65tObqreCtRiTJW8dUjIdI
Breezy Slide,"Louie Zong, Brian David Gilbert",Puffy,7tITkd2OToE32ELyKO7OQM
Mmm Mmm Mmm Mmm,Crash Test Dummies,Puffy,76nvqWPFucUra1xCkN1tnD
Sunny,Boney M.,Puffy,3pf96IFggfQuT6Gafqx2rt
Pumpkin,The Regrettes,Miller,3erMpGAv6cGCEcYcaE19p1
Le bal des chats,Cécile Corbel,Puffy,2LIxcHN4oC4VR7x1I5EBRi
Colors,Halsey,Miller,1TnUURhehaoMWKAqQtirm6
Yogurt Stained on the Floor,"LamazeP, Hatsune Miku",Shelbie,3ZB2tOq7oLAYaDjanDf6YI
Fire Burning,Sean Kingston,Sarah,7gDKfEMIhyyO4asgEXwcrs
UWU,Chevy,Shelbie,4aTKyYeIzC0ask2ZJicjIJ
Equestria Girls (Cafeteria Song),"Twilight Sparkle, My Little Pony",Sarah,4CEajAOGBNjCH1OdSJtaR2
The Legendary Theme,PPF,Angel,3BktaFoAsiwQgaV0NxPB8e
Blood On Me,Sampha,TJ,3Wdwnr9TGwmyUfPNB9iekU
"a FEW songs (feat. Love Mansuy, Ogi, and Smino)","Saba, No ID, Love Mansuy, Ogi, Smino",TJ,7K9DMSR7ZlN1aAzJas8220
In My Head,Jason Derulo,Sarah,5BoIP8Eha5hwmRVURkC2Us
Royal,Waterparks,Miller,1CMj3RNTdHBnLU7hoZjjKY
C'est La Vie,Weathers,Miller,1AFqqY3WHzJ18o3NLK07gE
サマーアイドル,OSTER project,Shelbie,6IWQMOubrT9skrCKz2LE2h
Bop Gun (Endangered Species),Parliament,Sam,3fHrnF1MxAZaiGVkGIxM9h
Castle on the Hill,Ed Sheeran,Kathryn,6PCUP3dWmTjcTtXY02oFdT
Galway Girl,Ed Sheeran,Kathryn,0afhq8XCExXpqazXczTSve
Midnight Memories,One Direction,Kathryn,5wjmqUGN7vrAqFqDWrywlZ
Best Song Ever,One Direction,Kathryn,5T7ZFtCcOgkpjxcuaeZbw0
Army of Ancients,Dr. Dog,Shelbie,5lrr5ULU5P9tA8NPUPTS42
blue,yung kai,Aiden,3be9ACTxtcL6Zm4vJRUiPG
Undercover Martyn,Two Door Cinema Club,Aiden,1JmRbZclLHgneDrpyA9e3X
"SOME DAY, THAT PLACE IN TIME",DOOPEES,Angel,1IXwJdkVaYva6lMkZb0W8i
OPM BABI,Playboi Carti,Theresa,76yJsfb1CUy5Um8nFL7jKQ
Inferno,JMSN,Theresa,5Qg1StPjfDnTY42zF7i02d
McDonald's in the Pentagon,Silly Stu,Theresa,6VfT8jrHkWOFkyEWjEhpFs
対象a,"DEQUAR, Masakazu Kurihara",Theresa,6xT5WxiQpA4zUcjMkEkJep
the perfect pair,beabadoobee,Theresa,41P6Tnd8KIHqON0QIydx6a
Baby,Charli xcx,Theresa,2lE8pY64icLsx6k0Wr9iVF
Theme Of Bayonetta - Mysterious Destiny,Nikola Obermann,Bryce,6VIX3OzSOaQPd1kp3GasbY
Girl Afraid - 2011 Remaster,The Smiths,Theresa,3UPpzmVM8UHimVKfpAg4xP
"Paris, Texas (feat. SYML)","Lana Del Rey, SYML",Theresa,0Oqxt6JixieLHbwMfnJGWO
Messages from the Stars,The Rah Band,Theresa,6lYY2HktYKpV1pUamfRlU1
IRIS OUT,Kenshi Yonezu,Bryce,59hVbgr8rfYkDbHfr8RcGI
1539 N. Calvert,JPEGMAFIA,Theresa,6XyxCBp6x3jvtxXvMN5sAA
Pink + White,Frank Ocean,Theresa,3xKsf9qdS1CyvXSMEid6g8
Buddy Holly,Weezer,Theresa,3mwvKOyMmG77zZRunnxp9E
Wat's Wrong (feat. Zacari & Kendrick Lamar),"Isaiah Rashad, Zacari, Kendrick Lamar",Theresa,2RPbEp0DyBVlkRvvYKopO7
"""DEVILS NEVER CRY""(スタッフロール)",Capcom Sound Team,Theresa,3ozivYJGJGq6TSzdy8m64X
Monster Of God,Yasushi Ishii,Bryce,34uJnLudlJiasZSKHhWx0X
Hunting Soul - English Version,"トシロウ（CV.谷山紀章）, Marc Hudson",Bryce,4gWbjrtwCsh9lwPE7l4h0c
Drift Around!,"Breeton Boi, V!CE",Bryce,5OF3BHMoCd3j8xtLw5RfgW
Brainstorm,"Breeton Boi, V!CE",Bryce,18dwNGSwj0PzyR76rjnnAN
"King's Dead (with Kendrick Lamar, Future & James Blake)","Jay Rock, Kendrick Lamar, Future, James Blake",Bryce,51rXHuKN8Loc4sUlKPODgH
Now That You've Gone (aka Now That You've Gone Away) (Puisaue Tu Pare),Connie Stevens,Angel,44tD9x7HhCE5tYh88zzyrt
Kingdom Hearts Key (ft. redveil),"JPEGMAFIA, Danny Brown, redveil",Micah,0VA5FzFlysCcSG1IdOkhUb
The Story of O.J.,JAY-Z,Micah,6JpN5w95em8SODPiM7W2PH
Weird Fishes / Arpeggi,Radiohead,Puffy,4wajJ1o7jWIg62YqpkHC7S
Control,Battle Tapes,Clark,576EH31cSi4OYtW2tFd7Yh
Судно (Борис Рыжий),Molchat Doma,Clark,1SHB1hp6267UK9bJQUxYvO
明日があるさ,Kyu Sakamoto,Clark,7edUqTDihMDPMZmjHKvD6F
Los Mejores Años de Nuestra Vida,Los Sirex,Clark,3Ve6TjPZfdybgwQvgvytYa
Compass,Mili,Aiden,2Pg7QBO36ycIlNcK9aBJl0
Love Takes Miles,Cameron Winter,Tony,2zf1izCOz2F22PF27uhxRF
Kagefumi,百景,Jean,4VgGQi9FZMrNG4MuiONldI
Red String,Sweet Pill,Jean,6YkeaJLKrR6RtSY2pJB2fs
Mata Hari,The Atomic Fireballs,Gabe,4dz1G68QyAmn7JFO4dVWk0
Automatic,Iration,Gabe,7jut3RkkxQpJAzMovUefDz
The Place Where He Inserted the Blade,"Black Country, New Road",Tony,3k2kIiJqUiIP49iUcOLpWT
Here Today,The Beach Boys,Puffy,2QHf2UijcOOpLgEsA3YOjm
For The Weekend,SASAMI,Sarah,3aEL5BEVGThlYhaYPVmO50
Let Me Be With You,ROUND TABLE featuring Nino,Eunice,4UBt00S6TNsKwgfxMcfNal
KONNANじゃないっ!,澤村 遥(釘宮理恵),Eunice,7d9SZZEOhF49sVaGRfPKv0
うまぴょい伝説 - Game Size,Various Artists,Eunice,7CPe0OIEIdeKEGH5EPqIEC
Atop a Cake,Alvvays,Eunice,6LC4cyrlOPeg2WXijaYrgj
Suicide of the 21st century,0.8Syooogeki,Eunice,6lkJKbOu7COoTKAqpC7xyR
Winter Snakes,Joy Again,Eunice,5A7ldx7fFEEsHvl5XEnGUA
Sugar Boo,Serani Poji,Eunice,3zeV6b2FMFsLHopzHHnS6J
"Mais, non !",GIRLS BE,Eunice,4j1F1van0g5sup8qKW4n5m
La promesse de Cecile,GIRLS BE,Eunice,5EPzSTLbLRosu217Z2C3FN
Caution,The Killers,Clark,111HOSfnPX1mCxwwb49BCY
Forget About What I Said - Bonus Track,The Killers,Clark,4gcrcyOsydOBsmc9o1XnS0
Just Another Girl,The Killers,Clark,7Ag7dMaWTAYGkaAPghEtyw
６つ子の魂ナユタまで,AOP,Eunice,75kMexSbGL06C3E3KBO5ah
ゴクドルミュージック,ゴクドルズ虹組,Eunice,3x3BqSrtE0hXSHXjZmjD0w
we found two dead swans and filled their bodies with flowers,Teen Suicide,Eunice,7mAflP0IlAsIrGP3ed74d1
Au Pays du Cocaine,Geese,Tony,1g9GiiPPaL7KcDHlDzu7lT
Fly In The Freedom,SEGA SOUND TEAM,Tony,5axenkAeQSXtrKnCvzQOHG
Spaceman,The Killers,Clark,0qitgobJMCnKEpp0HVWslu
25 or 6 to 4 - 2002 Remaster,Chicago,Clark,7GqIDx2QVGOpd4r1fZaUUW
Lisrim (Golden),Lies of P,Angel,2ZmDLM1dEqIEfIJtxcXgaa
Just The Two Of Us,"Marcin, Ichika Nito",Sam,6gzegpwruMz6a0LzeRpF4L
Starship Syncopation,"Cory Wong, Metropole Orkest, Jules Buckley",Sam,0p1Mp6sT4Nzq3DWnZPvqs8
Be Nice To Me,The Front Bottoms,Nora,7FtWXX2sRIGx95t3cPyHw8
The Lipstick Lounge,76th Street,Nora,58YIFyWMKJZum8LlU41OAN
Mawce,Everybody's Worried About Owen,Nora,4NVrOwMRWnKcDTESVVqMXM
DEBT COLLECTOR,Jhariah,Nora,1b9K8zcencFmQl68Oot9DS
House Is Not a Home,the Blue Devils,Nora,49dRXhDWFtG2Et5IxT0lxn
1-Up,Cricket!,Nora,76xol14dA6ROwXiq935rMr
アブノーマリティ・ダンシンガール,ぐちり,Nora,3sWcYSiFPCL5CNzU0H5Wau
Machine Love,Jamie Paige,Nora,0vieqs2SQYZWIR9olTDYes
Lost Umbrella,稲葉曇,Nora,2zAi85TQB7mLzl8P1ySAj9
4K CARPET,passengerprincess,Nora,284qRqsftKxNPWrejNEewL
FUKOUNA GIRL,STOMACH BOOK,Nora,6RyCpAEHMj1nbopw1g2TsO
God Must Hate Me,Catie Turner,Nora,21xzFXSL2XkZ2mIzDDAqTK
Seventh Heaven,INOHA,Nora,2x6iNna6wQexggFz8smJcB
Unsweetened Lemonade (Stripped),Amélie Farren,Nora,2qn09TDvmIHiTkMDAIuDA9
Average,Sushi Soucy,Nora,0L0qikeCR07Gm1Ep7Gipkv
Friendly Neighborhood Poltergeist,Rory Webley,Nora,1ar6wTpooDS4vTlWg7YkN2
Prom Queen,Beach Bunny,Nora,6GJdFTOm23lC5bqjYSMJTj
Notion,The Rare Occasions,Nora,0sTlGEld0h8kIPZaKDYUf4
Hey Lover!,Wabie,Nora,1E5bfMPGyHlMLljzF1FWU6
Digital Silence,Peter McPoland,Nora,05UdmOwDMr4LsAk56AFfsE
Promise,Laufey,Nora,08PdFBcXzpkn1cWNgmKqhn
Radio,Bershy,Nora,3l8ACerUtJfRd0rxJJ4Gkx
"Go Easy, Kid (with James Blake)","Monica Martin, James Blake",TJ,6SRgFtpZmRsYNR3Kj5sHCf
Stop This Train,John Mayer,TJ,3E6iea9uEmB7gRru4lyP6h
Don't Think About My Death,The Wood Brothers,Shelbie,0WcGi8He0sFX8oJpAp79rN
これが私の生きる道 - Full-大編成 Ver.,北宇治高校吹奏楽部,Shelbie,0gzymHa4J5ksjvx5PoVONZ
Cover of Me,SUGR?,Sarah,6xSGp1DgLp1MMpNUntpXG5
Grapes,James Marriott,Sarah,5XKJ5JwJeeQbLjeXF9ieCI
Down Under,Men At Work,Miller,3ZZq9396zv8pcn5GYVhxUi
Shoop,Salt-N-Pepa,Bryce,0Pu71wxadDlB8fJXfjIjeJ
空色デイズ,Shoko Nakagawa,Bryce,4EkbGJChszyxhEP0bIwBSZ
Scent Of Love,Helena Noguerra,Bryce,7jmo9JsmUDycEnubrAtaPo
Baby It's Cold Outside (with Michael Bublé),"Idina Menzel, Michael Bublé",Bryce,0Ie5uiv54KgCr7P4sYDTHl
Une vie à t'aimer,"Lorien Testard, Alice Duport-Percier, Victor Borba",Micah,4QEXM9na0mWIIt5Hwbsges
Désolé (feat. Fatoumata Diawara) - Extended Version,"Gorillaz, Fatoumata Diawara",Puffy,7rhtPZkcGCWgA3kizGwXwO
Talk Too Much,COIN,Puffy,4djIFfof5TpbSGRZUpsTXq
Here Come The Aliens!,Seb Lowe,Gabe,0c9HS1NHLhLY6rhKWS6ufE
Achilles Come Down,Gang of Youths,Gabe,22TntnVO3lQNDR5nsvxGRs
I Will Never (Be Your Friend),Irish Stew of Sindidun,Sarah,5OKPWZpiKFdTQWEBXBKL5I
She's So Nice,Pink Guy,Kathryn,0Dfctnkk9xIikDKJ06uwzo
Dragostea din tei,O-Zone,Kathryn,52Zr0sinhWTCRrQhRRY4EP
From The Start,Laufey,Aiden,43iIQbw5hx986dUEZbr3eN
Push The Pace,"temcandoanything, Kasane Teto, GUMI",Aiden,3rJbcXJdRGtZhehHWO0j6j
Take Your Own Advice,Venjent,Sam,1vhYsmV8hxv2qxDMySDz88
Dawson's Christian,Vic Tyler,Miller,0vM43BV3MEXkzAfg4ERZ57
Dracula,Tame Impala,Jean,709ZIqPHyFOpx2QdjmeWAM
Children,BIN,Jean,74h5v849XYYyASTighDtoa
No. 1 Obsession,5 Seconds of Summer,Hannah,5enE6FKFZzS2nNKpOfy5eU
Sick of Myself,5 Seconds of Summer,Hannah,6AXh6IRCj8c2oKkWXY1MDQ
under the mat,sombr,Hannah,3t6vhRYuIpX4zlHCTC2h1d
"HERE WE GO! - from the Netflix film ""Beverly Hills Cop: Axel F""",Lil Nas X,Hannah,4xntqnsHQA93Ai8Jcyx31j
Off To The Races,Lana Del Rey,Hannah,7grzMnF1FHponm2aJBWj8E
This Is What Makes Us Girls,Lana Del Rey,Hannah,3ZYt97JWngJExm368cOrYc
Yours,Conan Gray,Hannah,3rPVtXLBfJz59U1LgrGHhb
Boys & Girls,Conan Gray,Hannah,1jGC00ZVUuVXwNdJjV17kJ
SPLASH FREE,STYLE FIVE,Hannah,1s5NxPAmKw8IxkSoZLfhgF
FLY HIGH!!,BURNOUT SYNDROMES,Hannah,1y3Ml1b1c4v3ZdpbWLKD1F
How to Be a Heartbreaker,MARINA,Hannah,2sEk5R8ErGIFxbZ7rX6S2S
A Kiss,THE DRIVER ERA,Hannah,7b4iOHMngSAFhgN120hbWB
She's My Religion,Pale Waves,Hannah,0LwJllN73QYBHEBdGUTyEp
Freakin' Out On the Interstate,Briston Maroney,Hannah,0awZwmlC6pxH65KTZpadmX
The Other Side Of Paradise,Glass Animals,Hannah,0rRjGruFonCGOt0S5zAJNQ
Hush Hush,The Band CAMINO,Hannah,3ePeWP6f8ccQtF7wayoNrD
Love You When I'm Drunk,MIKA,Hannah,62tH3Zbrh8ClnMqHSzLxrI
Like Boys,Hyphen Hyphen,Hannah,00Do6AxXoO7o8VvRPvvRKZ
Friday Night Big Screen,girli,Hannah,4paRZHI6TDdNVUx3jV2rri
RICKY,Denzel Curry,Bryce,2QbGvQssb0VLLS4x5NOmyJ
HEROES,GLAY,Hannah,1unOFM2AvR2SWp9lwVeznF
Flow Together,祖堅 正慶,Micah,2AeLIWmDZRAJWfc08BRZiP
Play Dead - The 4AM Mix,Tom Walker,Hannah,1Mv2zLQwfxpk6vXC88Xc6Y
Desvelo,echobanda,Angel,2D18bskoV6TAzyCqR4Bf4p
Afterlife Dating (Full Band),Julia Brown,Eunice,1e0YtyJSnUoTMirC2DtNjR
sanctuary,DM DOKURO,Aiden,3U1Fay5iAXRodu88zW0bgX
HERO 〜希望の歌〜,FLOW,Aiden,1o7D1gLUgpFR3eJfIgpSUx
Tick Tock,Joji,Aiden,5lmaZcnW0eOppD4hlviQHg
Catastrophes before the calamity,DM DOKURO,Aiden,2NqFzH7HJNLQJ7A5D9QpnB
Infestation,DM DOKURO,Aiden,47Yh3jaeUdh3RUr9NJ2kEj
Machine Love,Jamie Paige,Aiden,1H2pPtoPS8kNlqCN7HfT6g
Ultra Trailer,マサラダ,Aiden,2GJubl14NyhExeeS0Atg3K
remyboyz (Jersey Club),"HydroBoi, olly",Aiden,7BnajoanMeyqvZba6l0sq9
Crucified,Army Of Lovers,Aiden,6fXzdWgyZhDeLmlzC7Mvco
